<?xml version="1.0" encoding="UTF-8"?>
<beans xmlns="http://www.springframework.org/schema/beans"
       xmlns:mvc="http://www.springframework.org/schema/mvc"
       xmlns:context="http://www.springframework.org/schema/context"
       xmlns:xsi="http://www.w3.org/2001/XMLSchema-instance"
       xsi:schemaLocation="
        http://www.springframework.org/schema/beans
        http://www.springframework.org/schema/beans/spring-beans.xsd
        http://www.springframework.org/schema/mvc
        http://www.springframework.org/schema/mvc/spring-mvc.xsd
        http://www.springframework.org/schema/context
        http://www.springframework.org/schema/context/spring-context.xsd">
    <!-- dataSource -->
    <bean id="dataSource"
          class="org.springframework.jdbc.datasource.DriverManagerDataSource">
        <property name="driverClassName" value="com.mysql.jdbc.Driver" />
        <property name="url" value="jdbc:mysql://127.0.0.1:3306/restaurant" />
        <property name="username" value="root" />
        <property name="password" value="linXP2016" />
    </bean>


    <!-- 数据库保存的密码是使用MD5算法加密的，所以这里需要配置一个密码匹配对象 -->
    <!--<bean id="credentialsMatcher" class="org.apache.shiro.authc.credential.Md5CredentialsMatcher"></bean>-->

    <!--缓存管理 -->
    <bean id="cacheManager" class="org.apache.shiro.cache.MemoryConstrainedCacheManager"></bean>

    <!--
      使用Shiro自带的JdbcRealm类
      指定密码匹配所需要用到的加密对象
      指定存储用户、角色、权限许可的数据源及相关查询语句
     -->
    <bean id="jdbcRealm" class="org.apache.shiro.realm.jdbc.JdbcRealm">
        <property name="permissionsLookupEnabled" value="true"></property>
        <property name="dataSource" ref="dataSource"></property>
        <property name="authenticationQuery"
                  value="SELECT password FROM sec_user WHERE user_name = ?"></property>
        <property name="userRolesQuery"
                  value="SELECT role_name from sec_user_role left join sec_role using(role_id) left join sec_user using(user_id) WHERE user_name = ?"></property>
        <property name="permissionsQuery"
                  value="SELECT permission_name FROM sec_role_permission left join sec_role using(role_id) left join sec_permission using(permission_id) WHERE role_name = ?"></property>
    </bean>

    <!-- Shiro安全管理器 -->
    <bean id="securityManager" class="org.apache.shiro.web.mgt.DefaultWebSecurityManager">
        <property name="realm" ref="jdbcRealm"></property>
        <property name="cacheManager" ref="cacheManager"></property>
    </bean>

    <!--
       Shiro主过滤器
    -->
    <bean id="shiroFilter" class="org.apache.shiro.spring.web.ShiroFilterFactoryBean">
        <!-- Shiro的核心安全接口，这个属性是必须的 -->
        <property name="securityManager" ref="securityManager"></property>
        <!-- 要求登录时的链接(登录页面地址)，非必须的属性，默认会自动寻找Web工程根目录下的""页面 -->
        <property name="loginUrl" value="/login"></property>
        <!-- 用户访问未对其授权的资源时，所显示的连接 -->
        <property name="unauthorizedUrl" value="/index"></property>
        <property name="filterChainDefinitions">
            <value>
                /order/** = authc
            </value>
        </property>
    </bean>

</beans>


