<?xml version="1.0" encoding="UTF-8"?>
<beans xmlns="http://www.springframework.org/schema/beans"
	xmlns:mvc="http://www.springframework.org/schema/mvc" 
	xmlns:context="http://www.springframework.org/schema/context"
	xmlns:xsi="http://www.w3.org/2001/XMLSchema-instance"
	xsi:schemaLocation="
        http://www.springframework.org/schema/beans     
        http://www.springframework.org/schema/beans/spring-beans.xsd
        http://www.springframework.org/schema/mvc 
        http://www.springframework.org/schema/mvc/spring-mvc.xsd
        http://www.springframework.org/schema/context 
        http://www.springframework.org/schema/context/spring-context.xsd">

	<!--获取shiro权限管理配置-->
	<import resource="classpath:shiro.xml"></import>

	<!--注解生效配置-->
	<!--自动扫描部件-->
 	<context:annotation-config/>
 	<mvc:annotation-driven/>
    <context:component-scan base-package="hello"/>

	<!--静态资源配置-->
	<mvc:resources mapping="/images/**" location="/static/images/" />
	<mvc:resources mapping="/css/**" location="/static/css/" />
	<mvc:resources mapping="/js/**" location="/static/js/" />
    <mvc:resources mapping="/fonts/**" location="/static/fonts/" />

	<!--不经过controller的链接-->
	<!--<mvc:view-controller path="/hi" view-name="forward:/login"/>-->

	<!-- SpringResourceTemplateResolver automatically integrates with Spring's own -->
	<!-- resource resolution infrastructure, which is highly recommended.          -->
	<bean id="templateResolver"
	       class="org.thymeleaf.spring4.templateresolver.SpringResourceTemplateResolver">
	  <property name="prefix" value="/WEB-INF/templates/" />
	  <property name="suffix" value=".html" />
	  <!-- HTML is the default value, added here for the sake of clarity.          -->
	  <property name="templateMode" value="HTML" />
	  <!-- Template cache is true by default. Set to false if you want             -->
	  <!-- templates to be automatically updated when modified.                    -->
	  <property name="cacheable" value="true" />


	  <property name="characterEncoding" value="UTF-8"/>
	</bean>
	    
	<!-- SpringTemplateEngine automatically applies SpringStandardDialect and      -->
	<!-- enables Spring's own MessageSource message resolution mechanisms.         -->
	<bean id="templateEngine"
	      class="org.thymeleaf.spring4.SpringTemplateEngine">
	  <property name="templateResolver" ref="templateResolver" />
	  <property name="enableSpringELCompiler" value="true" />
	</bean>  
 
	<bean id="viewResolver" class="org.thymeleaf.spring4.view.ThymeleafViewResolver">
	  <property name="templateEngine" ref="templateEngine" />
        <property name="characterEncoding" value="UTF-8"/>
	</bean>

</beans>


